{"cameraMode":{"drawMode":0,"name":"Shaded","section":"Shading Mode"},"sceneLighting":true,"audioPlay":false,"sceneViewState":{"m_AlwaysRefresh":false,"showFog":true,"showSkybox":true,"showFlares":true,"showImageEffects":true,"showParticleSystems":true,"showVisualEffectGraphs":true,"m_FxEnabled":true},"in2DMode":false,"pivot":{"x":-9.992582321166993,"y":-8.316600799560547,"z":-84.72624206542969},"rotation":{"x":0.0038354364223778249,"y":0.9905021786689758,"z":-0.13453613221645356,"w":0.028237154707312585},"size":34.10871887207031,"orthographic":false}